,species,formatted_sci_name,latitude,longitude,site_id,flowering_day
0,Rubus,Rubus occidentalis,42,268,0,214
7,Rubus,Rubus occidentalis,43,286,1,183
143,Rubus,Rubus occidentalis,43,279,2,183
149,Rubus,Rubus idaeus,43,279,2,183
152,Rubus,Rubus occidentalis,45,267,3,214
346,Rubus,Rubus occidentalis,40,274,4,183
407,Rubus,Rubus occidentalis,43,272,5,214
421,Rubus,Rubus occidentalis,45,272,6,214
422,Rubus,Rubus hayata,45,272,6,214
429,Rubus,Rubus occidentalis,43,289,7,183
576,Rubus,Rubus occidentalis,40,277,8,183
605,Rubus,Rubus idaeus,40,277,8,183
648,Rubus,Rubus occidentalis,41,273,9,183
649,Rubus,Rubus occidentalis,44,288,10,183
650,Rubus,Rubus idaeus,44,288,10,183
658,Rubus,Rubus occidentalis,42,289,11,183
702,Rubus,Rubus idaeus,42,289,11,183
772,Rubus,Rubus occidentalis,43,282,12,183
783,Rubus,Rubus idaeus,43,282,12,183
811,Rubus,Rubus occidentalis,43,274,13,214
821,Rubus,Rubus occidentalis,36,266,14,183
825,Rubus,Rubus occidentalis,42,270,15,183
828,Rubus,Rubus occidentalis,42,272,16,183
1103,Rubus,Rubus phoenicolasius,42,272,16,183
1154,Rubus,Rubus occidentalis,43,278,17,183
1156,Rubus,Rubus occidentalis,43,280,18,183
1170,Rubus,Rubus occidentalis,42,275,19,183
1177,Rubus,Rubus occidentalis,41,274,20,183
1191,Rubus,Rubus occidentalis,42,283,21,183
1192,Rubus,Rubus occidentalis,43,275,22,183
1198,Rubus,Rubus occidentalis,42,274,23,183
1213,Rubus,Rubus occidentalis,41,278,24,183
1263,Rubus,Rubus occidentalis,42,276,25,183
1328,Rubus,Rubus occidentalis,41,282,26,183
1332,Rubus,Rubus occidentalis,39,273,27,183
1367,Rubus,Rubus occidentalis,44,289,28,183
1371,Rubus,Rubus occidentalis,44,281,29,183
1378,Rubus,Rubus occidentalis,43,271,30,214
1390,Rubus,Rubus idaeus,43,271,30,214
1579,Rubus,Rubus hayata,46,237,35,214
2208,Rubus,Rubus hayata,38,238,42,214
2727,Rubus,Rubus idaeus,39,283,50,183
2729,Rubus,Rubus phoenicolasius,39,283,50,183
3064,Rubus,Rubus hayata,45,237,63,214
3065,Rubus,Rubus idaeus,45,237,63,214
3066,Rubus,Rubus rolfei,45,237,63,214
3955,Rubus,Rubus phoenicolasius,41,286,103,183
4247,Rubus,Rubus idaeus,40,283,113,183
4248,Rubus,Rubus phoenicolasius,40,283,113,183
4301,Rubus,Rubus idaeus,39,282,117,183
4326,Rubus,Rubus phoenicolasius,40,285,118,183
4343,Rubus,Rubus phoenicolasius,38,282,119,183
4417,Rubus,Rubus idaeus,40,280,120,183
4604,Rubus,Rubus idaeus,41,248,135,183
5081,Rubus,Rubus idaeus,40,255,145,214
5359,Rubus,Rubus phoenicolasius,40,284,147,183
5429,Rubus,Rubus phoenicolasius,48,238,152,214
5534,Rubus,Rubus phoenicolasius,42,286,161,183
5718,Rubus,Rubus idaeus,42,266,169,183
6212,Rubus,Rubus idaeus,47,267,208,214
6405,Rubus,Rubus phoenicolasius,41,284,215,183
6441,Rubus,Rubus idaeus,42,287,219,183
6612,Rubus,Rubus idaeus,60,209,242,214
6619,Rubus,Rubus idaeus,65,203,243,214
6621,Rubus,Rubus idaeus,44,275,244,214
6622,Rubus,Rubus idaeus,47,263,245,214
6623,Rubus,Rubus ellipticus,52,246,246,214
6624,Rubus,Rubus idaeus,46,300,247,214
6625,Rubus,Rubus idaeus,48,237,248,214
6639,Rubus,Rubus idaeus,47,269,249,214
6641,Rubus,Rubus idaeus,43,283,250,183
6647,Rubus,Rubus idaeus,39,255,251,214
6658,Rubus,Rubus idaeus,38,276,252,183
6664,Rubus,Rubus idaeus,40,248,253,214
6681,Rubus,Rubus idaeus,46,238,254,214
6686,Rubus,Rubus odoratus,44,284,255,183
6689,Rubus,Rubus phoenicolasius,44,286,256,214
6701,Rubus,Rubus phoenicolasius,38,281,259,183
1,Morus,Morus nigra,42,268,0,183
10,Morus,Morus nigra,43,286,1,183
11,Morus,Morus alba,43,286,1,183
144,Morus,Morus nigra,43,279,2,183
145,Morus,Morus alba,43,279,2,183
147,Morus,Morus rubra,43,279,2,183
157,Morus,Morus alba,45,267,3,183
158,Morus,Morus nigra,45,267,3,183
160,Morus,Morus rubra,45,267,3,183
347,Morus,Morus nigra,40,274,4,183
408,Morus,Morus nigra,43,272,5,183
409,Morus,Morus alba,43,272,5,183
431,Morus,Morus nigra,43,289,7,183
584,Morus,Morus nigra,40,277,8,183
585,Morus,Morus rubra,40,277,8,183
587,Morus,Morus alba,40,277,8,183
660,Morus,Morus nigra,42,289,11,183
663,Morus,Morus alba,42,289,11,183
669,Morus,Morus rubra,42,289,11,183
775,Morus,Morus nigra,43,282,12,183
815,Morus,Morus nigra,43,274,13,183
822,Morus,Morus nigra,36,266,14,183
834,Morus,Morus alba,42,272,16,183
841,Morus,Morus nigra,42,272,16,183
847,Morus,Morus rubra,42,272,16,183
1155,Morus,Morus nigra,43,278,17,183
1159,Morus,Morus alba,43,280,18,183
1162,Morus,Morus nigra,43,280,18,183
1172,Morus,Morus alba,42,275,19,183
1178,Morus,Morus rubra,41,274,20,183
1193,Morus,Morus nigra,43,275,22,183
1199,Morus,Morus nigra,42,274,23,183
1217,Morus,Morus nigra,41,278,24,183
1221,Morus,Morus alba,41,278,24,183
1225,Morus,Morus rubra,41,278,24,183
1266,Morus,Morus nigra,42,276,25,183
1330,Morus,Morus rubra,41,282,26,183
1331,Morus,Morus nigra,41,282,26,183
1333,Morus,Morus nigra,39,273,27,183
1372,Morus,Morus nigra,44,281,29,183
1379,Morus,Morus rubra,43,271,30,183
1382,Morus,Morus nigra,43,271,30,183
1383,Morus,Morus alba,43,271,30,183
1566,Morus,Morus nigra,46,237,35,183
1625,Morus,Morus nigra,33,243,36,183
1656,Morus,Morus nigra,34,242,37,183
1848,Morus,Morus alba,47,9,41,183
2183,Morus,Morus nigra,38,238,42,183
2184,Morus,Morus alba,38,238,42,183
2520,Morus,Morus alba,35,279,43,183
2659,Morus,Morus nigra,-33,289,45,214
2666,Morus,Morus nigra,46,359,46,183
2674,Morus,Morus australis,45,359,47,183
2675,Morus,Morus nigra,45,359,47,183
2679,Morus,Morus alba,44,4,48,183
2691,Morus,Morus nigra,39,283,50,183
2692,Morus,Morus rubra,39,283,50,183
2694,Morus,Morus alba,39,283,50,183
2802,Morus,Morus nigra,-27,153,51,183
2856,Morus,Morus nigra,-32,116,55,183
2859,Morus,Morus rubra,-32,116,55,183
2861,Morus,Morus nigra,-32,116,55,214
2877,Morus,Morus nigra,38,283,56,183
2879,Morus,Morus alba,38,283,56,183
2881,Morus,Morus rubra,38,283,56,183
2900,Morus,Morus rubra,45,6,58,183
3010,Morus,Morus alba,32,35,60,183
3011,Morus,Morus nigra,32,35,60,183
3123,Morus,Morus rubra,36,281,65,183
3124,Morus,Morus nigra,36,281,65,183
3128,Morus,Morus alba,36,281,65,183
3573,Morus,Morus nigra,30,270,86,183
3574,Morus,Morus alba,30,270,86,183
3603,Morus,Morus nigra,-34,151,89,214
3608,Morus,Morus rubra,-34,151,89,214
3612,Morus,Morus alba,-34,151,89,214
3754,Morus,Morus nigra,37,240,92,183
3774,Morus,Morus rubra,-35,149,94,214
3830,Morus,Morus rubra,41,264,99,183
3831,Morus,Morus nigra,41,264,99,183
3852,Morus,Morus nigra,51,358,102,183
3855,Morus,Morus nigra,41,286,103,183
3858,Morus,Morus alba,41,286,103,183
4178,Morus,Morus alba,52,19,105,183
4194,Morus,Morus nigra,42,278,107,183
4196,Morus,Morus nigra,43,277,108,183
4198,Morus,Morus rubra,43,277,108,183
4199,Morus,Morus alba,43,277,108,183
4216,Morus,Morus nigra,42,277,109,183
4220,Morus,Morus rubra,42,277,109,183
4231,Morus,Morus nigra,45,284,110,183
4236,Morus,Morus rubra,35,278,111,183
4238,Morus,Morus nigra,36,263,112,183
4243,Morus,Morus nigra,40,283,113,183
4286,Morus,Morus nigra,41,260,114,183
4290,Morus,Morus alba,38,255,115,183
4291,Morus,Morus alba,45,12,116,183
4292,Morus,Morus rubra,45,12,116,183
4294,Morus,Morus nigra,39,282,117,183
4308,Morus,Morus alba,40,285,118,183
4309,Morus,Morus nigra,40,285,118,183
4311,Morus,Morus rubra,40,285,118,183
4337,Morus,Morus rubra,38,282,119,183
4338,Morus,Morus alba,38,282,119,183
4339,Morus,Morus nigra,38,282,119,183
4362,Morus,Morus nigra,40,280,120,183
4365,Morus,Morus alba,40,280,120,183
4391,Morus,Morus rubra,40,280,120,183
4432,Morus,Morus nigra,38,274,121,183
4433,Morus,Morus macroura,38,274,121,183
4438,Morus,Morus rubra,38,274,121,183
4443,Morus,Morus alba,38,274,121,183
4453,Morus,Morus nigra,36,260,122,183
4454,Morus,Morus nigra,39,265,123,183
4455,Morus,Morus alba,39,265,123,183
4491,Morus,Morus nigra,36,262,124,183
4494,Morus,Morus nigra,29,261,125,183
4503,Morus,Morus rubra,37,246,127,183
4504,Morus,Morus australis,44,1,128,183
4515,Morus,Morus nigra,36,280,129,183
4535,Morus,Morus nigra,-33,149,131,214
4537,Morus,Morus alba,42,288,132,183
4538,Morus,Morus nigra,42,288,132,183
4579,Morus,Morus rubra,41,255,133,183
4585,Morus,Morus alba,51,17,134,183
4593,Morus,Morus nigra,41,248,135,183
4596,Morus,Morus alba,41,248,135,183
4672,Morus,Morus nigra,41,279,136,183
4677,Morus,Morus alba,36,51,137,183
4678,Morus,Morus nigra,34,276,138,183
4679,Morus,Morus alba,34,276,138,183
5030,Morus,Morus nigra,33,280,139,183
5054,Morus,Morus nigra,-26,28,141,183
5056,Morus,Morus rubra,-26,28,141,183
5057,Morus,Morus alba,-31,296,142,214
5059,Morus,Morus nigra,-24,313,143,183
5071,Morus,Morus nigra,40,255,145,183
5078,Morus,Morus alba,40,255,145,183
5328,Morus,Morus alba,42,271,146,183
5356,Morus,Morus nigra,40,284,147,183
5357,Morus,Morus rubra,40,284,147,183
5364,Morus,Morus nigra,46,286,148,183
5372,Morus,Morus nigra,43,270,149,183
5374,Morus,Morus nigra,47,16,150,183
5426,Morus,Morus alba,43,287,151,183
5428,Morus,Morus nigra,48,238,152,183
5488,Morus,Morus alba,46,5,153,183
5489,Morus,Morus nigra,46,5,153,183
5499,Morus,Morus nigra,39,276,154,183
5500,Morus,Morus rubra,39,276,154,183
5502,Morus,Morus rubra,35,263,155,183
5503,Morus,Morus alba,35,263,155,183
5505,Morus,Morus alba,39,270,156,183
5517,Morus,Morus rubra,34,273,157,183
5518,Morus,Morus nigra,-28,153,158,183
5521,Morus,Morus alba,44,280,159,183
5526,Morus,Morus nigra,41,271,160,183
5527,Morus,Morus nigra,42,286,161,183
5528,Morus,Morus rubra,42,286,161,183
5701,Morus,Morus nigra,47,19,162,183
5702,Morus,Morus rubra,39,268,163,183
5704,Morus,Morus alba,46,13,164,183
5705,Morus,Morus rubra,33,276,165,183
5707,Morus,Morus nigra,-34,304,167,214
5708,Morus,Morus nigra,48,358,168,183
5714,Morus,Morus nigra,42,266,169,183
5738,Morus,Morus nigra,46,241,170,183
5741,Morus,Morus nigra,40,238,171,183
5748,Morus,Morus nigra,33,273,172,183
5749,Morus,Morus nigra,30,269,173,183
5752,Morus,Morus nigra,29,279,174,183
5760,Morus,Morus nigra,-34,289,175,214
5768,Morus,Morus nigra,48,3,176,183
5769,Morus,Morus nigra,46,6,177,183
5773,Morus,Morus alba,42,279,178,183
5774,Morus,Morus rubra,42,279,178,183
5784,Morus,Morus nigra,43,1,179,183
5787,Morus,Morus nigra,41,266,180,183
5799,Morus,Morus nigra,35,262,182,183
5802,Morus,Morus alba,30,262,183,183
5835,Morus,Morus nigra,-33,294,184,214
5836,Morus,Morus alba,41,23,185,183
5849,Morus,Morus nigra,50,20,186,183
5857,Morus,Morus nigra,38,278,187,183
5858,Morus,Morus nigra,52,21,188,183
5870,Morus,Morus nigra,44,266,189,183
5873,Morus,Morus nigra,41,269,190,183
5875,Morus,Morus nigra,43,276,191,183
5878,Morus,Morus rubra,38,275,192,183
5888,Morus,Morus rubra,44,270,193,183
5889,Morus,Morus rubra,36,273,194,183
5893,Morus,Morus nigra,32,263,195,183
5894,Morus,Morus nigra,28,278,196,183
5932,Morus,Morus nigra,29,77,197,183
4,Amelanchier,Amelanchier arborea,42,268,0,214
148,Amelanchier,Amelanchier canadensis,43,279,2,183
164,Amelanchier,Amelanchier alnifolia,45,267,3,214
165,Amelanchier,Amelanchier arborea,45,267,3,214
170,Amelanchier,Amelanchier canadensis,45,267,3,214
179,Amelanchier,Amelanchier canadensis,45,267,3,183
351,Amelanchier,Amelanchier arborea,40,274,4,183
361,Amelanchier,Amelanchier canadensis,40,274,4,183
365,Amelanchier,Amelanchier laevis,40,274,4,183
414,Amelanchier,Amelanchier laevis,43,272,5,214
432,Amelanchier,Amelanchier arborea,43,289,7,183
449,Amelanchier,Amelanchier canadensis,43,289,7,183
477,Amelanchier,Amelanchier laevis,43,289,7,183
591,Amelanchier,Amelanchier arborea,40,277,8,183
698,Amelanchier,Amelanchier canadensis,42,289,11,183
700,Amelanchier,Amelanchier laevis,42,289,11,183
882,Amelanchier,Amelanchier canadensis,42,272,16,183
891,Amelanchier,Amelanchier grandiflora,42,272,16,183
1099,Amelanchier,Amelanchier laevis,42,272,16,183
1163,Amelanchier,Amelanchier canadensis,43,280,18,183
1179,Amelanchier,Amelanchier arborea,41,274,20,183
1186,Amelanchier,Amelanchier grandiflora,41,274,20,183
1201,Amelanchier,Amelanchier laevis,42,274,23,183
1229,Amelanchier,Amelanchier laevis,41,278,24,183
1275,Amelanchier,Amelanchier canadensis,42,276,25,183
1279,Amelanchier,Amelanchier canadensis,42,276,25,214
1317,Amelanchier,Amelanchier laevis,42,276,25,183
1386,Amelanchier,Amelanchier canadensis,43,271,30,183
1387,Amelanchier,Amelanchier laevis,43,271,30,183
1570,Amelanchier,Amelanchier alnifolia,46,237,35,214
2716,Amelanchier,Amelanchier arborea,39,283,50,183
2718,Amelanchier,Amelanchier grandiflora,39,283,50,183
2724,Amelanchier,Amelanchier laevis,39,283,50,183
2883,Amelanchier,Amelanchier canadensis,38,283,56,183
3052,Amelanchier,Amelanchier alnifolia,45,237,63,214
3881,Amelanchier,Amelanchier canadensis,41,286,103,183
3899,Amelanchier,Amelanchier grandiflora,41,286,103,183
3931,Amelanchier,Amelanchier laevis,41,286,103,183
4245,Amelanchier,Amelanchier canadensis,40,283,113,183
4246,Amelanchier,Amelanchier laevis,40,283,113,183
4296,Amelanchier,Amelanchier laevis,39,282,117,183
4321,Amelanchier,Amelanchier canadensis,40,285,118,183
4342,Amelanchier,Amelanchier laevis,38,282,119,183
4408,Amelanchier,Amelanchier laevis,40,280,120,183
4446,Amelanchier,Amelanchier arborea,38,274,121,183
5329,Amelanchier,Amelanchier laevis,42,271,146,183
5366,Amelanchier,Amelanchier canadensis,46,286,148,214
5506,Amelanchier,Amelanchier arborea,39,270,156,183
5529,Amelanchier,Amelanchier laevis,42,286,161,183
5933,Amelanchier,Amelanchier alnifolia,45,243,198,214
5935,Amelanchier,Amelanchier alnifolia,43,284,199,183
5937,Amelanchier,Amelanchier canadensis,43,284,199,183
5939,Amelanchier,Amelanchier alnifolia,46,243,200,214
6038,Amelanchier,Amelanchier alnifolia,45,245,201,214
6065,Amelanchier,Amelanchier alnifolia,65,212,202,214
6084,Amelanchier,Amelanchier alnifolia,47,268,203,214
6116,Amelanchier,Amelanchier alnifolia,48,246,204,214
6118,Amelanchier,Amelanchier alnifolia,43,265,205,214
6122,Amelanchier,Amelanchier alnifolia,48,267,206,214
6182,Amelanchier,Amelanchier alnifolia,44,249,207,214
6201,Amelanchier,Amelanchier alnifolia,47,267,208,214
6231,Amelanchier,Amelanchier alnifolia,43,249,209,214
6239,Amelanchier,Amelanchier arborea,45,292,210,214
6241,Amelanchier,Amelanchier arborea,36,278,211,183
6247,Amelanchier,Amelanchier arborea,36,278,211,214
6262,Amelanchier,Amelanchier laevis,36,277,212,183
6348,Amelanchier,Amelanchier arborea,38,280,213,183
6387,Amelanchier,Amelanchier arborea,44,290,214,183
6398,Amelanchier,Amelanchier arborea,41,284,215,183
6434,Amelanchier,Amelanchier arborea,31,272,217,183
6439,Amelanchier,Amelanchier canadensis,42,287,219,183
6467,Amelanchier,Amelanchier laevis,39,281,220,183
6495,Amelanchier,Amelanchier utahensis,44,244,221,214
6514,Amelanchier,Amelanchier utahensis,42,248,222,214
6524,Amelanchier,Amelanchier arborea,42,269,223,183
6525,Amelanchier,Amelanchier canadensis,40,272,224,183
6533,Amelanchier,Amelanchier laevis,45,286,225,183
5,Prunus,Prunus americana,42,268,0,214
6,Prunus,Prunus virginiana,42,268,0,214
26,Prunus,Prunus serotina,43,286,1,214
228,Prunus,Prunus nigra,45,267,3,214
270,Prunus,Prunus serotina,45,267,3,214
313,Prunus,Prunus virginiana,45,267,3,214
416,Prunus,Prunus americana,43,272,5,214
419,Prunus,Prunus virginiana,43,272,5,214
478,Prunus,Prunus maritima,43,289,7,214
540,Prunus,Prunus serotina,43,289,7,214
559,Prunus,Prunus virginiana,43,289,7,214
606,Prunus,Prunus mexicana,40,277,8,214
607,Prunus,Prunus domestica,40,277,8,214
634,Prunus,Prunus avium,40,277,8,214
635,Prunus,Prunus cerasus,40,277,8,214
636,Prunus,Prunus virginiana,40,277,8,214
703,Prunus,Prunus maritima,42,289,11,214
704,Prunus,Prunus domestica,42,289,11,214
748,Prunus,Prunus serotina,42,289,11,214
758,Prunus,Prunus avium,42,289,11,214
759,Prunus,Prunus cerasus,42,289,11,214
805,Prunus,Prunus avium,43,282,12,214
806,Prunus,Prunus cerasus,43,282,12,214
826,Prunus,Prunus serotina,42,270,15,214
1131,Prunus,Prunus serotina,42,272,16,214
1138,Prunus,Prunus avium,42,272,16,214
1141,Prunus,Prunus cerasus,42,272,16,214
1145,Prunus,Prunus maackii,42,272,16,214
1146,Prunus,Prunus subhirtella,42,272,16,214
1148,Prunus,Prunus virginiana,42,272,16,214
1169,Prunus,Prunus avium,43,280,18,214
1176,Prunus,Prunus serotina,42,275,19,214
1207,Prunus,Prunus serotina,42,274,23,214
1230,Prunus,Prunus americana,41,278,24,214
1256,Prunus,Prunus cerasus,41,278,24,214
1260,Prunus,Prunus serotina,41,278,24,214
1262,Prunus,Prunus virginiana,41,278,24,214
1334,Prunus,Prunus domestica,39,273,27,214
1350,Prunus,Prunus cerasus,39,273,27,214
1377,Prunus,Prunus virginiana,44,281,29,214
1418,Prunus,Prunus cerasus,43,271,30,214
1422,Prunus,Prunus tomentosa,43,271,30,214
1513,Prunus,Prunus angustifolia,30,278,33,183
1584,Prunus,Prunus domestica,46,237,35,214
1612,Prunus,Prunus avium,46,237,35,214
1613,Prunus,Prunus cerasus,46,237,35,214
1614,Prunus,Prunus serotina,46,237,35,214
1754,Prunus,Prunus salicina,34,242,37,214
1795,Prunus,Prunus ilicifolia,34,242,37,214
1807,Prunus,Prunus mexicana,30,265,39,183
1824,Prunus,Prunus cerasifera,51,1,40,183
1832,Prunus,Prunus domestica,51,1,40,183
1850,Prunus,Prunus cerasifera,47,9,41,214
1856,Prunus,Prunus domestica,47,9,41,214
1892,Prunus,Prunus avium,47,9,41,214
1902,Prunus,Prunus cerasus,47,9,41,214
1905,Prunus,Prunus serotina,47,9,41,214
2216,Prunus,Prunus americana,38,238,42,214
2305,Prunus,Prunus cerasifera,38,238,42,214
2308,Prunus,Prunus,38,238,42,214
2436,Prunus,Prunus ilicifolia,38,238,42,214
2671,Prunus,Prunus cerasus,46,359,46,183
2686,Prunus,Prunus domestica,51,3,49,183
2745,Prunus,Prunus americana,39,283,50,183
2746,Prunus,Prunus cerasifera,39,283,50,183
2760,Prunus,Prunus yedoensis,39,283,50,183
2765,Prunus,Prunus avium,39,283,50,183
2768,Prunus,Prunus serotina,39,283,50,183
2824,Prunus,Prunus domestica,49,2,54,183
2840,Prunus,Prunus avium,49,2,54,183
2901,Prunus,Prunus domestica,45,6,58,214
2908,Prunus,Prunus serotina,35,277,59,214
2912,Prunus,Prunus cerasus,35,277,59,214
3031,Prunus,Prunus cerasifera,44,237,61,214
3033,Prunus,Prunus domestica,44,237,61,214
3035,Prunus,Prunus salicina,44,237,61,214
3043,Prunus,Prunus avium,44,237,61,214
3068,Prunus,Prunus cerasifera,45,237,63,214
3072,Prunus,Prunus domestica,45,237,63,214
3073,Prunus,Prunus cocomilia,45,237,63,214
3078,Prunus,Prunus salicina,45,237,63,214
3094,Prunus,Prunus avium,45,237,63,214
3099,Prunus,Prunus cerasus,45,237,63,214
3110,Prunus,Prunus domestica,47,237,64,214
3137,Prunus,Prunus serotina,36,281,65,183
3250,Prunus,Prunus cerasifera,37,238,67,214
3252,Prunus,Prunus salicina,37,238,67,214
3285,Prunus,Prunus ilicifolia,37,238,67,214
3438,Prunus,Prunus domestica,45,15,83,183
3470,Prunus,Prunus cerasifera,45,15,83,183
3484,Prunus,Prunus avium,45,15,83,183
3540,Prunus,Prunus domestica,43,18,84,183
3544,Prunus,Prunus avium,43,18,84,183
3585,Prunus,Prunus serotina,30,270,86,183
3778,Prunus,Prunus cerasifera,-35,149,94,214
3834,Prunus,Prunus americana,41,264,99,214
3853,Prunus,Prunus cerasus,51,358,102,183
3963,Prunus,Prunus maritima,41,286,103,214
4023,Prunus,Prunus serotina,41,286,103,214
4031,Prunus,Prunus serotina,41,286,103,183
4056,Prunus,Prunus yedoensis,41,286,103,214
4084,Prunus,Prunus laurocerasus,41,286,103,214
4138,Prunus,Prunus avium,41,286,103,214
4179,Prunus,Prunus domestica,52,19,105,183
4181,Prunus,Prunus avium,52,19,105,183
4229,Prunus,Prunus avium,42,277,109,183
4230,Prunus,Prunus cerasus,42,277,109,183
4232,Prunus,Prunus cerasifera,45,284,110,214
4303,Prunus,Prunus serotina,39,282,117,183
4332,Prunus,Prunus pensylvanica,40,285,118,183
4334,Prunus,Prunus cerasus,40,285,118,183
4336,Prunus,Prunus serotina,40,285,118,183
4426,Prunus,Prunus serotina,40,280,120,214
4448,Prunus,Prunus domestica,38,274,121,183
4479,Prunus,Prunus avium,39,265,123,214
4480,Prunus,Prunus cerasus,39,265,123,214
4483,Prunus,Prunus serotina,39,265,123,214
4509,Prunus,Prunus domestica,44,1,128,183
4536,Prunus,Prunus cerasifera,-33,149,131,214
4583,Prunus,Prunus virginiana,41,255,133,214
4588,Prunus,Prunus domestica,51,17,134,183
4591,Prunus,Prunus avium,51,17,134,183
4667,Prunus,Prunus virginiana,41,248,135,214
4686,Prunus,Prunus ilicifolia,34,276,138,214
4688,Prunus,Prunus ilicifolia,34,276,138,183
5085,Prunus,Prunus americana,40,255,145,214
5166,Prunus,Prunus cerasifera,40,255,145,214
5223,Prunus,Prunus virginiana,40,255,145,214
5283,Prunus,Prunus cerasus,40,255,145,214
5330,Prunus,Prunus virginiana,42,271,146,214
5360,Prunus,Prunus virginiana,40,284,147,183
5371,Prunus,Prunus virginiana,46,286,148,214
5373,Prunus,Prunus domestica,43,270,149,214
5375,Prunus,Prunus domestica,47,16,150,183
5405,Prunus,Prunus avium,47,16,150,183
5431,Prunus,Prunus cerasifera,48,238,152,214
5433,Prunus,Prunus domestica,48,238,152,214
5471,Prunus,Prunus emarginata,48,238,152,214
5481,Prunus,Prunus avium,48,238,152,214
5494,Prunus,Prunus domestica,46,5,153,183
5497,Prunus,Prunus avium,46,5,153,183
5504,Prunus,Prunus cerasifera,35,263,155,183
5608,Prunus,Prunus serotina,42,286,161,214
5617,Prunus,Prunus virginiana,42,286,161,214
5703,Prunus,Prunus americana,39,268,163,183
5709,Prunus,Prunus domestica,48,358,168,183
5719,Prunus,Prunus americana,42,266,169,214
5729,Prunus,Prunus avium,42,266,169,214
5740,Prunus,Prunus pensylvanica,46,241,170,214
5772,Prunus,Prunus cerasus,46,6,177,183
5804,Prunus,Prunus angustifolia,30,262,183,183
5841,Prunus,Prunus domestica,41,23,185,183
5850,Prunus,Prunus domestica,50,20,186,183
5859,Prunus,Prunus domestica,52,21,188,183
5869,Prunus,Prunus cerasus,52,21,188,183
5883,Prunus,Prunus serotina,38,275,192,214
5905,Prunus,Prunus serotina,28,278,196,183
5934,Prunus,Prunus virginiana,45,243,198,214
6009,Prunus,Prunus virginiana,46,243,200,214
6051,Prunus,Prunus virginiana,45,245,201,214
6074,Prunus,Prunus virginiana,65,212,202,214
6108,Prunus,Prunus pensylvanica,47,268,203,214
6112,Prunus,Prunus virginiana,47,268,203,214
6143,Prunus,Prunus americana,48,267,206,214
6148,Prunus,Prunus virginiana,48,267,206,214
6198,Prunus,Prunus virginiana,44,249,207,214
6218,Prunus,Prunus virginiana,47,267,208,214
6226,Prunus,Prunus serotina,47,267,208,214
6227,Prunus,Prunus pensylvanica,47,267,208,214
6237,Prunus,Prunus virginiana,43,249,209,214
6254,Prunus,Prunus serotina,36,278,211,214
6282,Prunus,Prunus serotina,36,277,212,214
6292,Prunus,Prunus pensylvanica,36,277,212,214
6356,Prunus,Prunus serotina,38,280,213,214
6397,Prunus,Prunus serotina,44,290,214,214
6454,Prunus,Prunus serotina,42,287,219,214
6483,Prunus,Prunus serotina,39,281,220,214
6497,Prunus,Prunus americana,44,244,221,214
6518,Prunus,Prunus cerasifera,42,248,222,214
6520,Prunus,Prunus virginiana,42,248,222,214
6521,Prunus,Prunus avium,42,248,222,214
6526,Prunus,Prunus americana,40,272,224,214
6534,Prunus,Prunus virginiana,45,286,225,214
6563,Prunus,Prunus cerasifera,38,239,230,214
6564,Prunus,Prunus salicina,38,239,230,214
6566,Prunus,Prunus cerasus,38,239,230,214
6571,Prunus,Prunus cerasifera,-41,147,232,214
6576,Prunus,Prunus domestica,-38,144,233,214
6584,Prunus,Prunus americana,35,240,235,214
6587,Prunus,Prunus domestica,42,13,236,183
6590,Prunus,Prunus cerasifera,-43,147,237,214
6626,Prunus,Prunus domestica,48,237,248,214
6636,Prunus,Prunus avium,48,237,248,214
6646,Prunus,Prunus serotina,43,283,250,214
6649,Prunus,Prunus americana,39,255,251,214
6651,Prunus,Prunus cerasifera,39,255,251,214
6655,Prunus,Prunus virginiana,39,255,251,214
6661,Prunus,Prunus serrulata,38,276,252,214
6666,Prunus,Prunus cerasifera,40,248,253,214
6672,Prunus,Prunus virginiana,40,248,253,214
6677,Prunus,Prunus avium,40,248,253,214
6678,Prunus,Prunus mahaleb,40,248,253,214
6683,Prunus,Prunus cerasifera,46,238,254,214
6685,Prunus,Prunus avium,46,238,254,214
6697,Prunus,Prunus serotina,44,286,256,214
6703,Prunus,Prunus cerasus,38,281,259,214
6710,Prunus,Prunus americana,39,237,264,214
6741,Prunus,Prunus domestica,49,238,276,214
6743,Prunus,Prunus americana,49,238,276,214
6744,Prunus,Prunus cerasifera,49,238,276,214
7104,Prunus,Prunus americana,35,248,278,214
7112,Prunus,Prunus americana,44,264,279,214
7120,Prunus,Prunus americana,35,253,280,214
7122,Prunus,Prunus cerasifera,35,253,280,214
7133,Prunus,Prunus domestica,48,13,281,183
7320,Prunus,Prunus avium,48,13,281,183
7434,Prunus,Prunus domestica,48,15,282,183
7488,Prunus,Prunus avium,48,15,282,183
7514,Prunus,Prunus fruticosa,48,15,282,183
7515,Prunus,Prunus domestica,47,14,283,214
7667,Prunus,Prunus avium,47,14,283,214
7742,Prunus,Prunus domestica,48,16,284,183
7832,Prunus,Prunus avium,48,16,284,183
7886,Prunus,Prunus cerasus,48,16,284,183
7891,Prunus,Prunus domestica,47,13,285,214
7928,Prunus,Prunus avium,47,13,285,214
7948,Prunus,Prunus domestica,47,11,286,214
7989,Prunus,Prunus avium,47,11,286,214
8010,Prunus,Prunus domestica,47,15,287,214
8078,Prunus,Prunus avium,47,15,287,214
8114,Prunus,Prunus domestica,49,16,288,183
8138,Prunus,Prunus avium,49,16,288,183
8149,Prunus,Prunus domestica,48,17,289,183
8202,Prunus,Prunus avium,48,17,289,183
8245,Prunus,Prunus domestica,48,14,290,183
8291,Prunus,Prunus avium,48,14,290,183
8315,Prunus,Prunus domestica,47,12,291,214
8322,Prunus,Prunus avium,47,12,291,214
8325,Prunus,Prunus domestica,49,15,292,183
8336,Prunus,Prunus avium,49,15,292,183
8342,Prunus,Prunus domestica,48,12,293,183
8514,Prunus,Prunus avium,48,12,293,183
8635,Prunus,Prunus domestica,44,18,294,183
8642,Prunus,Prunus avium,44,18,294,183
8649,Prunus,Prunus domestica,45,19,295,183
8651,Prunus,Prunus avium,45,19,295,183
8655,Prunus,Prunus domestica,48,18,296,183
8726,Prunus,Prunus avium,48,18,296,183
8782,Prunus,Prunus domestica,49,18,297,183
8878,Prunus,Prunus avium,49,18,297,183
8973,Prunus,Prunus domestica,49,20,298,183
9085,Prunus,Prunus avium,49,20,298,183
9174,Prunus,Prunus domestica,48,19,299,183
9210,Prunus,Prunus avium,48,19,299,183
9234,Prunus,Prunus domestica,49,22,300,183
9290,Prunus,Prunus avium,49,22,300,183
9359,Prunus,Prunus domestica,48,22,301,183
9376,Prunus,Prunus avium,48,22,301,183
9393,Prunus,Prunus domestica,49,19,302,183
9468,Prunus,Prunus avium,49,19,302,183
9520,Prunus,Prunus domestica,49,21,303,183
9584,Prunus,Prunus avium,49,21,303,183
9640,Prunus,Prunus domestica,48,20,304,183
9674,Prunus,Prunus avium,48,20,304,183
9700,Prunus,Prunus domestica,49,17,305,183
9729,Prunus,Prunus avium,49,17,305,183
9750,Prunus,Prunus domestica,50,19,306,183
9754,Prunus,Prunus avium,50,19,306,183
9760,Prunus,Prunus domestica,45,16,307,183
9765,Prunus,Prunus avium,45,16,307,183
9769,Prunus,Prunus domestica,44,17,308,183
9775,Prunus,Prunus avium,44,17,308,183
9779,Prunus,Prunus domestica,46,17,309,183
9804,Prunus,Prunus avium,46,17,309,183
9821,Prunus,Prunus domestica,45,14,310,183
9833,Prunus,Prunus domestica,43,20,311,183
9846,Prunus,Prunus avium,43,20,311,183
9857,Prunus,Prunus domestica,43,19,312,183
9862,Prunus,Prunus domestica,47,10,313,214
9870,Prunus,Prunus avium,47,10,313,214
9873,Prunus,Prunus domestica,41,357,314,183
9880,Prunus,Prunus americana,42,237,315,214
9881,Prunus,Prunus virginiana,42,237,315,214
9891,Prunus,Prunus americana,41,236,316,214
9892,Prunus,Prunus americana,33,263,317,183
9893,Prunus,Prunus mexicana,33,263,317,183
9899,Prunus,Prunus americana,44,268,318,214
9900,Prunus,Prunus americana,44,359,319,183
9901,Prunus,Prunus americana,37,267,320,183
9908,Prunus,Prunus domestica,52,1,321,183
9913,Prunus,Prunus cerasifera,-38,146,322,214
9915,Prunus,Prunus cerasifera,44,11,323,183
9917,Prunus,Prunus cerasifera,-33,150,324,214
9920,Prunus,Prunus cerasifera,52,359,326,183
9922,Prunus,Prunus domestica,52,359,326,183
9924,Prunus,Prunus domestica,52,359,326,214
9927,Prunus,Prunus avium,52,359,326,183
9928,Prunus,Prunus cerasifera,51,359,327,183
9934,Prunus,Prunus domestica,51,359,327,183
9950,Prunus,Prunus cerasifera,-38,143,328,214
9953,Prunus,Prunus cerasifera,-38,142,329,214
9958,Prunus,Prunus cerasifera,53,358,330,214
9962,Prunus,Prunus domestica,53,358,330,214
9968,Prunus,Prunus avium,53,358,330,214
9969,Prunus,Prunus serotina,53,358,330,214
9970,Prunus,Prunus,53,358,330,214
9974,Prunus,Prunus cerasifera,53,357,331,214
9980,Prunus,Prunus domestica,53,357,331,183
9988,Prunus,Prunus cerasifera,54,359,332,183
9989,Prunus,Prunus cerasifera,39,253,333,214
9994,Prunus,Prunus virginiana,39,253,333,214
9995,Prunus,Prunus cerasifera,49,7,334,183
9996,Prunus,Prunus domestica,49,7,334,183
10106,Prunus,Prunus avium,49,7,334,183
10163,Prunus,Prunus padus,49,7,334,183
10202,Prunus,Prunus cerasifera,-38,147,335,214
10203,Prunus,Prunus cerasifera,52,0,336,183
10204,Prunus,Prunus domestica,52,0,336,183
10216,Prunus,Prunus cerasifera,-37,144,339,214
10218,Prunus,Prunus angustifolia,35,281,340,183
10219,Prunus,Prunus serotina,35,281,340,183
10224,Prunus,Prunus angustifolia,29,278,341,183
10227,Prunus,Prunus angustifolia,34,264,342,183
10228,Prunus,Prunus domestica,48,7,343,183
10230,Prunus,Prunus domestica,53,359,344,183
10232,Prunus,Prunus serotina,53,359,344,214
10235,Prunus,Prunus domestica,51,357,345,183
10241,Prunus,Prunus domestica,49,6,348,183
10245,Prunus,Prunus avium,49,6,348,183
10249,Prunus,Prunus domestica,51,16,349,183
10252,Prunus,Prunus domestica,50,22,350,183
10253,Prunus,Prunus domestica,55,24,351,183
10263,Prunus,Prunus domestica,47,1,352,183
10374,Prunus,Prunus avium,53,13,353,183
10443,Prunus,Prunus domestica,56,356,354,214
10445,Prunus,Prunus avium,56,356,354,214
10447,Prunus,Prunus domestica,52,15,355,183
10512,Prunus,Prunus avium,52,15,355,183
10559,Prunus,Prunus domestica,47,243,356,214
10562,Prunus,Prunus avium,47,243,356,214
10567,Prunus,Prunus domestica,51,12,358,183
10805,Prunus,Prunus avium,51,12,358,183
11022,Prunus,Prunus domestica,59,10,359,214
11023,Prunus,Prunus domestica,46,249,360,214
11024,Prunus,Prunus virginiana,46,249,360,214
11025,Prunus,Prunus domestica,50,3,361,183
11028,Prunus,Prunus domestica,52,358,362,183
11034,Prunus,Prunus avium,52,358,362,183
11036,Prunus,Prunus serotina,52,358,362,183
11037,Prunus,Prunus domestica,44,7,363,183
11038,Prunus,Prunus domestica,51,13,364,183
11372,Prunus,Prunus avium,51,13,364,183
11755,Prunus,Prunus avium,48,11,365,183
11821,Prunus,Prunus domestica,52,16,366,183
11823,Prunus,Prunus domestica,50,2,367,183
12059,Prunus,Prunus avium,48,8,368,183
12260,Prunus,Prunus salicina,49,236,369,214
12262,Prunus,Prunus domestica,43,2,370,183
12263,Prunus,Prunus domestica,47,6,371,183
12266,Prunus,Prunus domestica,47,359,372,183
12430,Prunus,Prunus avium,52,12,373,183
12565,Prunus,Prunus domestica,54,19,374,183
12568,Prunus,Prunus domestica,-42,147,375,214
12725,Prunus,Prunus avium,48,9,376,183
13029,Prunus,Prunus avium,48,10,377,183
13194,Prunus,Prunus domestica,49,4,378,183
13196,Prunus,Prunus domestica,53,17,379,183
13197,Prunus,Prunus domestica,52,17,380,183
13200,Prunus,Prunus domestica,48,21,381,183
13201,Prunus,Prunus domestica,50,15,382,183
13202,Prunus,Prunus domestica,50,241,383,214
13203,Prunus,Prunus rivularis,35,260,384,214
13209,Prunus,Prunus avium,45,5,386,183
13239,Prunus,Prunus serotina,37,280,399,214
13325,Prunus,Prunus cerasus,43,281,401,214
13375,Prunus,Prunus virginiana,47,248,406,214
13650,Prunus,Prunus avium,49,10,412,183
14220,Prunus,Prunus avium,49,9,413,183
14812,Prunus,Prunus avium,50,8,414,183
15343,Prunus,Prunus avium,50,9,415,183
15702,Prunus,Prunus avium,52,7,416,183
15951,Prunus,Prunus avium,49,13,417,183
16276,Prunus,Prunus avium,54,10,418,183
16605,Prunus,Prunus avium,49,11,419,183
16848,Prunus,Prunus avium,52,14,420,183
17138,Prunus,Prunus avium,52,10,421,183
17605,Prunus,Prunus avium,50,11,422,183
18155,Prunus,Prunus avium,50,10,423,183
18596,Prunus,Prunus avium,52,9,424,183
19112,Prunus,Prunus avium,51,9,425,183
19507,Prunus,Prunus avium,52,13,426,183
19956,Prunus,Prunus avium,51,10,427,183
20358,Prunus,Prunus avium,53,14,428,183
20762,Prunus,Prunus avium,50,12,429,183
21006,Prunus,Prunus avium,50,6,430,183
21088,Prunus,Prunus avium,49,14,431,183
21261,Prunus,Prunus avium,53,8,432,183
21616,Prunus,Prunus avium,49,12,433,183
22007,Prunus,Prunus avium,53,10,434,183
22373,Prunus,Prunus avium,52,11,435,183
22837,Prunus,Prunus avium,51,8,436,214
23296,Prunus,Prunus avium,54,9,438,183
23535,Prunus,Prunus avium,54,13,440,183
23845,Prunus,Prunus avium,50,7,441,183
24207,Prunus,Prunus avium,51,14,443,183
24483,Prunus,Prunus avium,49,8,444,183
24906,Prunus,Prunus avium,52,8,445,183
25229,Prunus,Prunus avium,54,12,446,183
25456,Prunus,Prunus avium,53,11,447,183
25720,Prunus,Prunus avium,53,9,448,183
26066,Prunus,Prunus avium,51,7,449,183
26367,Prunus,Prunus avium,52,6,451,183
26462,Prunus,Prunus avium,55,9,452,183
26464,Prunus,Prunus avium,55,9,452,214
26568,Prunus,Prunus avium,51,6,453,183
26688,Prunus,Prunus avium,53,7,454,183
26812,Prunus,Prunus avium,53,12,455,183
27220,Prunus,Prunus avium,51,11,456,183
27523,Prunus,Prunus avium,51,15,457,183
27711,Prunus,Prunus avium,50,13,461,183
27722,Prunus,Prunus avium,41,359,463,183
27729,Prunus,Prunus avium,43,358,464,183
27754,Prunus,Prunus avium,48,357,477,183
27757,Prunus,Prunus,56,13,478,183
27760,Prunus,Prunus virginiana,46,264,479,214
27781,Prunus,Prunus avium,48,243,486,214
27782,Prunus,Prunus serotina,48,243,486,214
27809,Prunus,Prunus serotina,43,288,496,214
27810,Prunus,Prunus virginiana,43,288,496,214
27819,Prunus,Prunus tomentosa,51,246,502,214
27821,Prunus,Prunus virginiana,51,246,502,214
27897,Prunus,Prunus cerasus,50,4,525,183
27902,Prunus,Prunus avium,47,7,526,183
27908,Prunus,Prunus virginiana,45,266,529,214
27927,Prunus,Prunus serotina,36,276,530,214
27939,Prunus,Prunus serotina,46,268,531,214
27942,Prunus,Prunus virginiana,46,268,531,214
27948,Prunus,Prunus virginiana,43,238,532,214
27960,Prunus,Prunus virginiana,58,225,533,214
27961,Prunus,Prunus virginiana,44,263,534,214
27964,Prunus,Prunus serotina,47,265,535,214
27965,Prunus,Prunus virginiana,47,265,535,214
27969,Prunus,Prunus pensylvanica,47,265,535,214
28020,Prunus,Prunus emarginata,42,238,536,214
28089,Prunus,Prunus pensylvanica,45,282,537,214
28093,Prunus,Prunus serotina,32,265,538,183
28096,Prunus,Prunus virginiana,48,251,539,214
28102,Prunus,Prunus serotina,32,277,540,183
28107,Prunus,Prunus virginiana,45,289,541,214
28108,Prunus,Prunus virginiana,40,240,542,214
28119,Prunus,Prunus avium,40,240,542,214
28121,Prunus,Prunus virginiana,45,251,543,214
28205,Prunus,Prunus serotina,45,269,545,214
28209,Prunus,Prunus serotina,31,270,546,183
28215,Prunus,Prunus serotina,48,240,548,214
28217,Prunus,Prunus virginiana,40,252,549,214
28222,Prunus,Prunus serotina,40,282,550,214
28223,Prunus,Prunus avium,45,18,551,183
28244,Prunus,Prunus cerasus,39,275,552,214
28254,Prunus,Prunus avium,49,3,554,183
28255,Prunus,Prunus cerasus,49,3,554,183
28257,Prunus,Prunus avium,51,18,556,183
28258,Prunus,Prunus avium,44,26,557,183
28260,Prunus,Prunus avium,51,23,558,183
28261,Prunus,Prunus avium,45,17,559,183
28262,Prunus,Prunus avium,45,8,560,183
28263,Prunus,Prunus cerasus,45,10,561,183
28268,Prunus,Prunus cerasus,35,243,565,214
28269,Prunus,Prunus cerasus,45,273,566,214
28270,Prunus,Prunus cerasus,46,251,567,214
28272,Prunus,Prunus tomentosa,52,253,569,214
28273,Prunus,Prunus virginiana,50,255,570,214
16,Malus,Malus sieboldii,43,286,1,245
17,Malus,Malus,43,286,1,245
18,Malus,Malus pumila,43,286,1,245
150,Malus,Malus pumila,43,279,2,245
229,Malus,Malus sieboldii,45,267,3,245
245,Malus,Malus pumila,45,267,3,245
247,Malus,Malus,45,267,3,245
374,Malus,Malus,40,274,4,245
375,Malus,Malus pumila,40,274,4,245
417,Malus,Malus pumila,43,272,5,245
423,Malus,Malus,45,272,6,245
427,Malus,Malus pumila,45,272,6,245
480,Malus,Malus pumila,43,289,7,245
530,Malus,Malus,43,289,7,245
608,Malus,Malus pumila,40,277,8,245
651,Malus,Malus pumila,44,288,10,245
707,Malus,Malus,42,289,11,245
717,Malus,Malus pumila,42,289,11,245
787,Malus,Malus,43,282,12,245
792,Malus,Malus coronaria,43,282,12,245
795,Malus,Malus pumila,43,282,12,245
820,Malus,Malus pumila,43,274,13,245
1106,Malus,Malus,42,272,16,245
1110,Malus,Malus sylvestris,42,272,16,245
1114,Malus,Malus pumila,42,272,16,245
1164,Malus,Malus pumila,43,280,18,245
1165,Malus,Malus,43,280,18,245
1196,Malus,Malus pumila,43,275,22,245
1231,Malus,Malus hupehensis,41,278,24,245
1233,Malus,Malus pumila,41,278,24,245
1243,Malus,Malus angustifolia,41,278,24,245
1318,Malus,Malus pumila,42,276,25,245
1337,Malus,Malus,39,273,27,245
1343,Malus,Malus pumila,39,273,27,245
1368,Malus,Malus,44,289,28,245
1369,Malus,Malus pumila,44,289,28,245
1374,Malus,Malus pumila,44,281,29,245
1397,Malus,Malus pumila,43,271,30,245
1594,Malus,Malus pumila,46,237,35,245
1774,Malus,Malus,34,242,37,245
1784,Malus,Malus pumila,34,242,37,245
1837,Malus,Malus pumila,51,1,40,245
1840,Malus,Malus,51,1,40,245
1860,Malus,Malus pumila,47,9,41,245
2355,Malus,Malus,38,238,42,245
2669,Malus,Malus pumila,46,359,46,245
2749,Malus,Malus pumila,39,283,50,245
2833,Malus,Malus,49,2,54,245
2835,Malus,Malus pumila,49,2,54,245
2903,Malus,Malus pumila,45,6,58,245
2906,Malus,Malus pumila,35,277,59,245
3038,Malus,Malus pumila,44,237,61,245
3081,Malus,Malus,45,237,63,245
3086,Malus,Malus pumila,45,237,63,245
3114,Malus,Malus pumila,47,237,64,245
3131,Malus,Malus pumila,36,281,65,245
3274,Malus,Malus pumila,37,238,67,245
3363,Malus,Malus domestica,42,3,75,245
3388,Malus,Malus domestica,42,2,77,245
3405,Malus,Malus domestica,42,1,79,245
3471,Malus,Malus domestica,45,15,83,245
3542,Malus,Malus domestica,43,18,84,245
3645,Malus,Malus pumila,41,238,90,245
3765,Malus,Malus pumila,-37,175,93,275
3801,Malus,Malus pumila,-35,149,94,275
3835,Malus,Malus pumila,41,264,99,245
3968,Malus,Malus,41,286,103,245
4019,Malus,Malus pumila,41,286,103,245
4195,Malus,Malus pumila,42,278,107,245
4202,Malus,Malus,43,277,108,245
4214,Malus,Malus pumila,43,277,108,245
4225,Malus,Malus pumila,42,277,109,245
4228,Malus,Malus coronaria,42,277,109,245
4233,Malus,Malus pumila,45,284,110,245
4252,Malus,Malus,40,283,113,245
4280,Malus,Malus pumila,40,283,113,245
4328,Malus,Malus pumila,40,285,118,245
4330,Malus,Malus ioensis,40,285,118,245
4345,Malus,Malus,38,282,119,245
4418,Malus,Malus pumila,40,280,120,245
4449,Malus,Malus pumila,38,274,121,245
4466,Malus,Malus,39,265,123,245
4469,Malus,Malus pumila,39,265,123,245
4470,Malus,Malus sieversii,39,265,123,245
4542,Malus,Malus,42,288,132,245
4581,Malus,Malus coronaria,41,255,133,245
4582,Malus,Malus pumila,41,255,133,275
4589,Malus,Malus pumila,51,17,134,245
4609,Malus,Malus pumila,41,248,135,245
4628,Malus,Malus sieboldii,41,248,135,245
4685,Malus,Malus pumila,34,276,138,245
5172,Malus,Malus sieboldii,40,255,145,245
5175,Malus,Malus,40,255,145,245
5178,Malus,Malus pumila,40,255,145,245
5216,Malus,Malus sylvestris,40,255,145,245
5367,Malus,Malus baccata,46,286,148,245
5368,Malus,Malus pumila,46,286,148,245
5369,Malus,Malus sieversii,46,286,148,245
5392,Malus,Malus domestica,47,16,150,245
5427,Malus,Malus pumila,43,287,151,245
5440,Malus,Malus,48,238,152,245
5445,Malus,Malus sieboldii,48,238,152,245
5447,Malus,Malus pumila,48,238,152,245
5462,Malus,Malus pumila,48,238,152,275
5510,Malus,Malus sylvestris,39,270,156,245
5512,Malus,Malus pumila,39,270,156,245
5522,Malus,Malus pumila,44,280,159,245
5535,Malus,Malus,42,286,161,245
5606,Malus,Malus pumila,42,286,161,245
5722,Malus,Malus,42,266,169,245
5724,Malus,Malus pumila,42,266,169,245
5776,Malus,Malus pumila,42,279,178,245
5785,Malus,Malus domestica,43,1,179,245
5788,Malus,Malus pumila,41,266,180,245
5865,Malus,Malus pumila,52,21,188,245
5874,Malus,Malus pumila,41,269,190,245
5877,Malus,Malus pumila,43,276,191,245
5879,Malus,Malus pumila,38,275,192,245
6073,Malus,Malus fusca,65,212,202,275
6092,Malus,Malus,47,268,203,245
6236,Malus,Malus pumila,43,249,209,275
6278,Malus,Malus,36,277,212,245
6279,Malus,Malus sieboldii,36,277,212,245
6390,Malus,Malus fusca,44,290,214,245
6391,Malus,Malus pumila,44,290,214,245
6444,Malus,Malus pumila,42,287,219,245
6499,Malus,Malus,44,244,221,275
6508,Malus,Malus pumila,44,244,221,275
6519,Malus,Malus pumila,42,248,222,275
6527,Malus,Malus sylvestris,40,272,224,245
6528,Malus,Malus pumila,40,272,224,245
6577,Malus,Malus pumila,-38,144,233,275
6601,Malus,Malus pumila,-43,147,237,275
6629,Malus,Malus,48,237,248,245
6630,Malus,Malus pumila,48,237,248,245
6642,Malus,Malus pumila,43,283,250,245
6652,Malus,Malus,39,255,251,275
6653,Malus,Malus pumila,39,255,251,275
6667,Malus,Malus pumila,40,248,253,245
6691,Malus,Malus,44,286,256,245
6748,Malus,Malus,49,238,276,275
6767,Malus,Malus pumila,49,238,276,275
7106,Malus,Malus pumila,35,248,278,245
7109,Malus,Malus sylvestris,35,248,278,245
7123,Malus,Malus,35,253,280,245
7130,Malus,Malus ioensis,35,253,280,245
7131,Malus,Malus pumila,35,253,280,245
7157,Malus,Malus domestica,48,13,281,245
7457,Malus,Malus domestica,48,15,282,245
7590,Malus,Malus domestica,47,14,283,245
7780,Malus,Malus domestica,48,16,284,245
7909,Malus,Malus domestica,47,13,285,245
7960,Malus,Malus domestica,47,11,286,245
8038,Malus,Malus domestica,47,15,287,245
8124,Malus,Malus domestica,49,16,288,245
8164,Malus,Malus domestica,48,17,289,245
8270,Malus,Malus domestica,48,14,290,245
8318,Malus,Malus domestica,47,12,291,245
8331,Malus,Malus domestica,49,15,292,245
8347,Malus,Malus domestica,48,12,293,245
8639,Malus,Malus domestica,44,18,294,245
8650,Malus,Malus domestica,45,19,295,245
8681,Malus,Malus domestica,48,18,296,245
8818,Malus,Malus domestica,49,18,297,245
9013,Malus,Malus domestica,49,20,298,245
9191,Malus,Malus domestica,48,19,299,245
9258,Malus,Malus domestica,49,22,300,245
9364,Malus,Malus domestica,48,22,301,245
9421,Malus,Malus domestica,49,19,302,245
9544,Malus,Malus domestica,49,21,303,245
9648,Malus,Malus domestica,48,20,304,245
9709,Malus,Malus domestica,49,17,305,245
9752,Malus,Malus pumila,50,19,306,245
9762,Malus,Malus domestica,45,16,307,245
9770,Malus,Malus domestica,44,17,308,245
9791,Malus,Malus domestica,46,17,309,245
9837,Malus,Malus domestica,43,20,311,245
9864,Malus,Malus domestica,47,10,313,245
9875,Malus,Malus domestica,41,357,314,245
9910,Malus,Malus pumila,52,1,321,245
9926,Malus,Malus pumila,52,359,326,245
9945,Malus,Malus pumila,51,359,327,245
9966,Malus,Malus sieversii,53,358,330,245
9967,Malus,Malus pumila,53,358,330,245
9983,Malus,Malus,53,357,331,245
9984,Malus,Malus pumila,53,357,331,245
9987,Malus,Malus baccata,53,357,331,245
9990,Malus,Malus pumila,39,253,333,275
9991,Malus,Malus baccata,39,253,333,275
9997,Malus,Malus domestica,49,7,334,245
10206,Malus,Malus pumila,52,0,336,245
10217,Malus,Malus pumila,-37,144,339,275
10242,Malus,Malus domestica,49,6,348,245
10251,Malus,Malus pumila,51,16,349,245
10255,Malus,Malus sylvestris,55,24,351,245
10266,Malus,Malus pumila,47,1,352,245
10273,Malus,Malus domestica,53,13,353,245
10444,Malus,Malus pumila,56,356,354,245
10448,Malus,Malus domestica,52,15,355,245
10561,Malus,Malus pumila,47,243,356,275
10571,Malus,Malus domestica,51,12,358,245
11029,Malus,Malus,52,358,362,245
11030,Malus,Malus ',52,358,362,245
11031,Malus,Malus pumila,52,358,362,245
11039,Malus,Malus domestica,51,13,364,245
11620,Malus,Malus domestica,48,11,365,245
11822,Malus,Malus pumila,52,16,366,245
11826,Malus,Malus domestica,48,8,368,245
12261,Malus,Malus pumila,49,236,369,275
12268,Malus,Malus domestica,52,12,373,245
12570,Malus,Malus domestica,48,9,376,245
12723,Malus,Malus pumila,48,9,376,245
12838,Malus,Malus domestica,48,10,377,245
13231,Malus,Malus,47,246,398,275
13232,Malus,Malus pumila,37,280,399,245
13258,Malus,Malus,45,291,400,245
13263,Malus,Malus coronaria,45,291,400,245
13265,Malus,Malus,43,281,401,245
13324,Malus,Malus pumila,43,281,401,245
13334,Malus,Malus pumila,37,252,402,245
13339,Malus,Malus,40,239,403,275
13347,Malus,Malus,44,236,404,245
13368,Malus,Malus pumila,44,272,405,245
13372,Malus,Malus,47,248,406,275
13377,Malus,Malus,39,274,407,245
13385,Malus,Malus,46,250,408,275
13386,Malus,Malus,36,254,409,245
13387,Malus,Malus pumila,36,254,409,245
13388,Malus,Malus,43,259,410,245
13390,Malus,Malus,45,268,411,245
13392,Malus,Malus domestica,49,10,412,245
13851,Malus,Malus domestica,49,9,413,245
14520,Malus,Malus domestica,50,8,414,245
15049,Malus,Malus domestica,50,9,415,245
15598,Malus,Malus domestica,52,7,416,245
15752,Malus,Malus domestica,49,13,417,245
16106,Malus,Malus domestica,54,10,418,245
16381,Malus,Malus domestica,49,11,419,245
16745,Malus,Malus domestica,52,14,420,245
16925,Malus,Malus domestica,52,10,421,245
17268,Malus,Malus domestica,50,11,422,245
17877,Malus,Malus domestica,50,10,423,245
18366,Malus,Malus domestica,52,9,424,245
18802,Malus,Malus domestica,51,9,425,245
19110,Malus,Malus pumila,51,9,425,245
19371,Malus,Malus domestica,52,13,426,245
19615,Malus,Malus domestica,51,10,427,245
20198,Malus,Malus domestica,53,14,428,245
20467,Malus,Malus domestica,50,12,429,245
20966,Malus,Malus domestica,50,6,430,245
21049,Malus,Malus domestica,49,14,431,245
21113,Malus,Malus domestica,53,8,432,245
21320,Malus,Malus domestica,49,12,433,245
21838,Malus,Malus domestica,53,10,434,245
22005,Malus,Malus pumila,53,10,434,245
22146,Malus,Malus domestica,52,11,435,245
22572,Malus,Malus domestica,51,8,436,245
23155,Malus,Malus domestica,54,9,438,245
23395,Malus,Malus domestica,54,13,440,245
23647,Malus,Malus domestica,50,7,441,245
24098,Malus,Malus domestica,51,14,443,245
24281,Malus,Malus domestica,49,8,444,245
24481,Malus,Malus pumila,49,8,444,245
24659,Malus,Malus domestica,52,8,445,245
25112,Malus,Malus domestica,54,12,446,245
25322,Malus,Malus domestica,53,11,447,245
25539,Malus,Malus domestica,53,9,448,245
25867,Malus,Malus domestica,51,7,449,245
26322,Malus,Malus domestica,52,6,451,245
26413,Malus,Malus domestica,55,9,452,245
26482,Malus,Malus domestica,51,6,453,245
26646,Malus,Malus domestica,53,7,454,245
26717,Malus,Malus domestica,53,12,455,245
26884,Malus,Malus domestica,51,11,456,245
27480,Malus,Malus domestica,51,15,457,245
27701,Malus,Malus domestica,50,13,461,245
27719,Malus,Malus domestica,41,359,463,245
27726,Malus,Malus domestica,43,358,464,245
27732,Malus,Malus pumila,48,356,465,245
27737,Malus,Malus pumila,55,358,466,245
27739,Malus,Malus pumila,47,5,468,245
27741,Malus,Malus sylvestris,51,0,469,245
27742,Malus,Malus pumila,45,238,470,275
27743,Malus,Malus,51,356,471,245
27744,Malus,Malus,45,287,472,245
27746,Malus,Malus pumila,49,5,473,245
27749,Malus,Malus pumila,35,257,474,245
27750,Malus,Malus pumila,43,359,475,245
27753,Malus,Malus pumila,48,357,477,245
27755,Malus,Malus pumila,56,13,478,245
27758,Malus,Malus pumila,46,264,479,245
27761,Malus,Malus pumila,41,280,480,245
27766,Malus,Malus pumila,-40,176,482,275
27767,Malus,Malus pumila,40,273,483,245
27773,Malus,Malus pumila,43,263,485,245
27775,Malus,Malus pumila,48,243,486,275
27784,Malus,Malus pumila,34,258,487,245
27786,Malus,Malus pumila,54,17,488,245
27787,Malus,Malus pumila,47,271,489,245
27789,Malus,Malus pumila,50,5,490,245
27794,Malus,Malus pumila,38,271,492,245
27804,Malus,Malus pumila,42,281,493,245
27805,Malus,Malus pumila,54,246,494,275
27807,Malus,Malus pumila,53,19,495,245
27808,Malus,Malus pumila,43,288,496,245
27811,Malus,Malus pumila,39,248,497,275
27815,Malus,Malus pumila,51,5,499,245
27816,Malus,Malus pumila,49,1,500,245
27817,Malus,Malus pumila,40,278,501,245
27818,Malus,Malus pumila,51,246,502,275
22,Juglans,Juglans nigra,43,286,1,275
151,Juglans,Juglans nigra,43,279,2,275
266,Juglans,Juglans nigra,45,267,3,275
376,Juglans,Juglans nigra,40,274,4,275
609,Juglans,Juglans nigra,40,277,8,275
735,Juglans,Juglans major,42,289,11,275
736,Juglans,Juglans nigra,42,289,11,275
800,Juglans,Juglans nigra,43,282,12,275
1118,Juglans,Juglans nigra,42,272,16,275
1168,Juglans,Juglans nigra,43,280,18,275
1202,Juglans,Juglans nigra,42,274,23,275
1246,Juglans,Juglans nigra,41,278,24,275
1322,Juglans,Juglans nigra,42,276,25,275
1349,Juglans,Juglans nigra,39,273,27,275
1376,Juglans,Juglans major,44,281,29,275
1411,Juglans,Juglans nigra,43,271,30,275
1606,Juglans,Juglans nigra,46,237,35,275
1842,Juglans,Juglans major,51,1,40,275
1844,Juglans,Juglans nigra,51,1,40,275
2522,Juglans,Juglans nigra,35,279,43,275
2670,Juglans,Juglans regia,46,359,46,275
2752,Juglans,Juglans nigra,39,283,50,275
3091,Juglans,Juglans nigra,45,237,63,275
3133,Juglans,Juglans nigra,36,281,65,275
3282,Juglans,Juglans hindsii,37,238,67,275
3300,Juglans,Juglans hindsii,39,239,68,275
4021,Juglans,Juglans nigra,41,286,103,275
4239,Juglans,Juglans major,36,263,112,275
4281,Juglans,Juglans nigra,40,283,113,275
4331,Juglans,Juglans nigra,40,285,118,275
4356,Juglans,Juglans nigra,38,282,119,275
4422,Juglans,Juglans nigra,40,280,120,275
4450,Juglans,Juglans nigra,38,274,121,275
4473,Juglans,Juglans major,39,265,123,275
4475,Juglans,Juglans nigra,39,265,123,275
4492,Juglans,Juglans nigra,36,262,124,275
4664,Juglans,Juglans nigra,41,248,135,275
4674,Juglans,Juglans nigra,41,279,136,275
5468,Juglans,Juglans nigra,48,238,152,275
5496,Juglans,Juglans nigra,46,5,153,275
5501,Juglans,Juglans nigra,39,276,154,275
5513,Juglans,Juglans nigra,39,270,156,275
5524,Juglans,Juglans nigra,44,280,159,275
5525,Juglans,Juglans regia,44,280,159,275
5747,Juglans,Juglans nigra,40,238,171,275
5770,Juglans,Juglans nigra,46,6,177,275
5771,Juglans,Juglans regia,46,6,177,275
5882,Juglans,Juglans nigra,38,275,192,275
5938,Juglans,Juglans nigra,43,284,199,275
6396,Juglans,Juglans nigra,44,290,214,275
6406,Juglans,Juglans nigra,41,284,215,275
6449,Juglans,Juglans cinerea,42,287,219,275
6451,Juglans,Juglans nigra,42,287,219,275
6453,Juglans,Juglans regia,42,287,219,275
6511,Juglans,Juglans regia,44,244,221,275
6529,Juglans,Juglans nigra,40,272,224,275
6640,Juglans,Juglans nigra,47,269,249,275
6644,Juglans,Juglans nigra,43,283,250,275
6659,Juglans,Juglans nigra,38,276,252,275
6687,Juglans,Juglans nigra,44,284,255,275
9764,Juglans,Juglans,45,16,307,275
9842,Juglans,Juglans regia,43,20,311,275
9844,Juglans,Juglans,43,20,311,275
9898,Juglans,Juglans hindsii,33,263,317,275
9902,Juglans,Juglans nigra,37,267,320,275
11027,Juglans,Juglans regia,50,3,361,275
13195,Juglans,Juglans regia,49,4,378,275
24482,Juglans,Juglans nigra,49,8,444,275
26566,Juglans,Juglans regia,51,6,453,275
27790,Juglans,Juglans regia,50,5,490,275
27826,Juglans,Juglans major,35,275,504,275
27827,Juglans,Juglans nigra,35,275,504,275
27838,Juglans,Juglans nigra,41,275,510,275
27871,Juglans,Juglans nigra,45,265,511,275
27872,Juglans,Juglans nigra,46,266,512,275
27873,Juglans,Juglans nigra,38,272,513,275
27874,Juglans,Juglans nigra,38,263,514,275
27875,Juglans,Juglans nigra,37,283,515,275
27882,Juglans,Juglans nigra,37,277,516,275
27883,Juglans,Juglans nigra,38,270,517,275
27886,Juglans,Juglans nigra,34,275,518,275
27890,Juglans,Juglans nigra,39,263,519,275
27891,Juglans,Juglans nigra,40,276,520,275
27892,Juglans,Juglans nigra,39,269,521,275
27893,Juglans,Juglans nigra,39,264,522,275
27894,Juglans,Juglans nigra,41,285,523,275
27895,Juglans,Juglans nigra,39,262,524,275
27896,Juglans,Juglans regia,50,4,525,275
27900,Juglans,Juglans regia,47,7,526,275
27904,Juglans,Juglans regia,43,357,528,275
379,Diospyros,Diospyros virginiana,40,274,4,275
638,Diospyros,Diospyros virginiana,40,277,8,275
763,Diospyros,Diospyros virginiana,42,289,11,275
807,Diospyros,Diospyros virginiana,43,282,12,275
823,Diospyros,Diospyros virginiana,36,266,14,275
1354,Diospyros,Diospyros virginiana,39,273,27,275
1616,Diospyros,Diospyros kaki,46,237,35,275
1798,Diospyros,Diospyros kaki,34,242,37,275
1799,Diospyros,Diospyros virginiana,34,242,37,275
1820,Diospyros,Diospyros virginiana,30,265,39,275
2451,Diospyros,Diospyros virginiana,38,238,42,275
2452,Diospyros,Diospyros kaki,38,238,42,275
2528,Diospyros,Diospyros virginiana,35,279,43,275
2681,Diospyros,Diospyros kaki,44,4,48,275
2770,Diospyros,Diospyros virginiana,39,283,50,275
2772,Diospyros,Diospyros kaki,39,283,50,275
2892,Diospyros,Diospyros virginiana,38,283,56,275
2933,Diospyros,Diospyros virginiana,35,277,59,275
3044,Diospyros,Diospyros virginiana,44,237,61,275
3050,Diospyros,Diospyros virginiana,33,272,62,275
3148,Diospyros,Diospyros virginiana,36,281,65,275
3287,Diospyros,Diospyros kaki,37,238,67,275
3295,Diospyros,Diospyros virginiana,37,238,67,275
3596,Diospyros,Diospyros virginiana,30,270,86,275
3769,Diospyros,Diospyros virginiana,-37,175,93,275
4140,Diospyros,Diospyros virginiana,41,286,103,275
4237,Diospyros,Diospyros virginiana,35,278,111,275
4285,Diospyros,Diospyros virginiana,40,283,113,275
4358,Diospyros,Diospyros virginiana,38,282,119,275
4484,Diospyros,Diospyros virginiana,39,265,123,275
4518,Diospyros,Diospyros virginiana,36,280,129,275
5363,Diospyros,Diospyros virginiana,40,284,147,275
5514,Diospyros,Diospyros virginiana,39,270,156,275
5730,Diospyros,Diospyros virginiana,42,266,169,275
5759,Diospyros,Diospyros virginiana,29,279,174,275
5833,Diospyros,Diospyros virginiana,30,262,183,275
5890,Diospyros,Diospyros virginiana,36,273,194,275
6341,Diospyros,Diospyros virginiana,36,277,212,275
6359,Diospyros,Diospyros virginiana,38,280,213,275
6530,Diospyros,Diospyros virginiana,40,272,224,275
6711,Diospyros,Diospyros virginiana,39,237,264,275
6871,Diospyros,Diospyros virginiana,49,238,276,275
10221,Diospyros,Diospyros virginiana,35,281,340,275
10226,Diospyros,Diospyros virginiana,29,278,341,275
13254,Diospyros,Diospyros virginiana,37,280,399,275
27768,Diospyros,Diospyros virginiana,40,273,483,275
27796,Diospyros,Diospyros virginiana,38,271,492,275
27878,Diospyros,Diospyros virginiana,37,283,515,275
27884,Diospyros,Diospyros virginiana,38,270,517,275
27887,Diospyros,Diospyros virginiana,34,275,518,275
27936,Diospyros,Diospyros virginiana,36,276,530,275
28095,Diospyros,Diospyros virginiana,32,265,538,275
28246,Diospyros,Diospyros virginiana,39,275,552,275
28274,Diospyros,Diospyros virginiana,38,279,571,275
28276,Diospyros,Diospyros virginiana,34,279,573,275
28284,Diospyros,Diospyros kaki,35,136,575,275
28285,Diospyros,Diospyros kaki,35,135,576,275
28286,Diospyros,Diospyros kaki,33,274,577,275
28288,Diospyros,Diospyros virginiana,37,268,579,275
28289,Diospyros,Diospyros virginiana,35,268,580,275
28290,Diospyros,Diospyros virginiana,36,271,581,275
420,Pyrus,Pyrus communis,43,272,5,245
647,Pyrus,Pyrus communis,40,277,8,245
809,Pyrus,Pyrus communis,43,282,12,245
810,Pyrus,Pyrus pyrifolia,43,282,12,245
827,Pyrus,Pyrus communis,42,270,15,245
1150,Pyrus,Pyrus communis,42,272,16,245
1153,Pyrus,Pyrus pyrifolia,42,272,16,245
1326,Pyrus,Pyrus communis,42,276,25,245
1364,Pyrus,Pyrus communis,39,273,27,245
1619,Pyrus,Pyrus communis,46,237,35,245
1620,Pyrus,Pyrus pyrifolia,46,237,35,245
1845,Pyrus,Pyrus communis,51,1,40,245
2457,Pyrus,Pyrus communis,38,238,42,245
2687,Pyrus,Pyrus communis,51,3,49,245
2798,Pyrus,Pyrus communis,39,283,50,245
2844,Pyrus,Pyrus communis,49,2,54,245
3045,Pyrus,Pyrus communis,44,237,61,245
3047,Pyrus,Pyrus pyrifolia,44,237,61,245
3101,Pyrus,Pyrus communis,45,237,63,245
3108,Pyrus,Pyrus pyrifolia,45,237,63,245
3120,Pyrus,Pyrus communis,47,237,64,245
3328,Pyrus,Pyrus communis,32,249,72,245
3511,Pyrus,Pyrus communis,45,15,83,245
3810,Pyrus,Pyrus communis,-35,149,94,245
4215,Pyrus,Pyrus communis,43,277,108,245
4487,Pyrus,Pyrus communis,39,265,123,245
4489,Pyrus,Pyrus pyrifolia,39,265,123,245
4493,Pyrus,Pyrus communis,36,262,124,245
4521,Pyrus,Pyrus communis,36,280,129,245
4533,Pyrus,Pyrus pyrifolia,36,280,129,245
5322,Pyrus,Pyrus amygdaliformis,40,255,145,245
5324,Pyrus,Pyrus communis,40,255,145,245
5484,Pyrus,Pyrus communis,48,238,152,245
5485,Pyrus,Pyrus pyrifolia,48,238,152,245
5684,Pyrus,Pyrus communis,42,286,161,245
5734,Pyrus,Pyrus communis,42,266,169,245
5886,Pyrus,Pyrus communis,38,275,192,245
5887,Pyrus,Pyrus pyrifolia,38,275,192,245
6342,Pyrus,Pyrus communis,36,277,212,245
6512,Pyrus,Pyrus pyrifolia,44,244,221,245
6532,Pyrus,Pyrus pyrifolia,40,272,224,245
6637,Pyrus,Pyrus communis,48,237,248,245
6638,Pyrus,Pyrus pyrifolia,48,237,248,245
6680,Pyrus,Pyrus communis,40,248,253,245
7385,Pyrus,Pyrus communis,48,13,281,245
8004,Pyrus,Pyrus communis,47,11,286,245
8238,Pyrus,Pyrus communis,48,17,289,245
8575,Pyrus,Pyrus communis,48,12,293,245
8646,Pyrus,Pyrus communis,44,18,294,245
8653,Pyrus,Pyrus communis,45,19,295,245
8765,Pyrus,Pyrus communis,48,18,296,245
8939,Pyrus,Pyrus communis,49,18,297,245
9139,Pyrus,Pyrus communis,49,20,298,245
9225,Pyrus,Pyrus communis,48,19,299,245
9334,Pyrus,Pyrus communis,49,22,300,245
9386,Pyrus,Pyrus communis,48,22,301,245
9499,Pyrus,Pyrus communis,49,19,302,245
9619,Pyrus,Pyrus communis,49,21,303,245
9692,Pyrus,Pyrus communis,48,20,304,245
9742,Pyrus,Pyrus communis,49,17,305,245
9758,Pyrus,Pyrus communis,50,19,306,245
9767,Pyrus,Pyrus communis,45,16,307,245
9776,Pyrus,Pyrus communis,44,17,308,245
9813,Pyrus,Pyrus communis,46,17,309,245
9853,Pyrus,Pyrus communis,43,20,311,245
9871,Pyrus,Pyrus communis,47,10,313,245
9907,Pyrus,Pyrus communis,37,267,320,245
9949,Pyrus,Pyrus pyraster,51,359,327,245
9971,Pyrus,Pyrus communis,53,358,330,245
10164,Pyrus,Pyrus communis,49,7,334,245
10248,Pyrus,Pyrus communis,49,6,348,245
10412,Pyrus,Pyrus communis,53,13,353,245
10530,Pyrus,Pyrus communis,52,15,355,245
10924,Pyrus,Pyrus communis,51,12,358,245
11504,Pyrus,Pyrus communis,51,13,364,245
11786,Pyrus,Pyrus communis,48,11,365,245
12154,Pyrus,Pyrus communis,48,8,368,245
12265,Pyrus,Pyrus amygdaliformis,47,6,371,245
12506,Pyrus,Pyrus communis,52,12,373,245
12785,Pyrus,Pyrus communis,48,9,376,245
13109,Pyrus,Pyrus communis,48,10,377,245
13211,Pyrus,Pyrus communis,45,5,386,245
13333,Pyrus,Pyrus communis,43,281,401,245
13747,Pyrus,Pyrus communis,49,10,412,245
14375,Pyrus,Pyrus communis,49,9,413,245
14935,Pyrus,Pyrus communis,50,8,414,245
15476,Pyrus,Pyrus communis,50,9,415,245
15723,Pyrus,Pyrus communis,52,7,416,245
16033,Pyrus,Pyrus communis,49,13,417,245
16333,Pyrus,Pyrus communis,54,10,418,245
16671,Pyrus,Pyrus communis,49,11,419,245
16888,Pyrus,Pyrus communis,52,14,420,245
17206,Pyrus,Pyrus communis,52,10,421,245
17747,Pyrus,Pyrus communis,50,11,422,245
18265,Pyrus,Pyrus communis,50,10,423,245
18701,Pyrus,Pyrus communis,52,9,424,245
19249,Pyrus,Pyrus communis,51,9,425,245
19370,Pyrus,Pyrus pyraster,51,9,425,245
19562,Pyrus,Pyrus communis,52,13,426,245
20096,Pyrus,Pyrus communis,51,10,427,245
20417,Pyrus,Pyrus communis,53,14,428,245
20865,Pyrus,Pyrus communis,50,12,429,245
21026,Pyrus,Pyrus communis,50,6,430,245
21098,Pyrus,Pyrus communis,49,14,431,245
21290,Pyrus,Pyrus communis,53,8,432,245
21714,Pyrus,Pyrus communis,49,12,433,245
22082,Pyrus,Pyrus communis,53,10,434,245
22480,Pyrus,Pyrus communis,52,11,435,245
22912,Pyrus,Pyrus communis,51,8,436,245
23342,Pyrus,Pyrus communis,54,9,438,245
23579,Pyrus,Pyrus communis,54,13,440,245
23944,Pyrus,Pyrus communis,50,7,441,245
24249,Pyrus,Pyrus communis,51,14,443,245
24570,Pyrus,Pyrus communis,49,8,444,245
25016,Pyrus,Pyrus communis,52,8,445,245
25274,Pyrus,Pyrus communis,54,12,446,245
25497,Pyrus,Pyrus communis,53,11,447,245
25791,Pyrus,Pyrus communis,53,9,448,245
26145,Pyrus,Pyrus communis,51,7,449,245
26388,Pyrus,Pyrus communis,52,6,451,245
26470,Pyrus,Pyrus communis,55,9,452,245
26611,Pyrus,Pyrus communis,51,6,453,245
26707,Pyrus,Pyrus communis,53,7,454,245
26857,Pyrus,Pyrus communis,53,12,455,245
27362,Pyrus,Pyrus communis,51,11,456,245
27545,Pyrus,Pyrus communis,51,15,457,245
27714,Pyrus,Pyrus communis,50,13,461,245
27783,Pyrus,Pyrus communis,48,243,486,245
27885,Pyrus,Pyrus communis,38,270,517,245
28206,Pyrus,Pyrus communis,45,269,545,245
28294,Pyrus,Pyrus communis,32,250,582,245
28299,Pyrus,Pyrus communis,48,0,583,245
28300,Pyrus,Pyrus communis,44,3,584,245
28301,Pyrus,Pyrus communis,34,274,585,245
28302,Pyrus,Pyrus communis,53,23,586,245
28304,Pyrus,Pyrus communis,48,236,588,245
28305,Pyrus,Pyrus pyrifolia,48,236,588,245
28307,Pyrus,Pyrus pyraster,50,17,590,245
28309,Pyrus,Pyrus pyrifolia,47,238,592,245
633,Cornus,Cornus mas,40,277,8,245
803,Cornus,Cornus mas,43,282,12,245
1136,Cornus,Cornus mas,42,272,16,245
1610,Cornus,Cornus mas,46,237,35,245
1632,Cornus,Cornus mas,33,243,36,245
1881,Cornus,Cornus mas,47,9,41,245
3093,Cornus,Cornus mas,45,237,63,245
4282,Cornus,Cornus mas,40,283,113,245
4429,Cornus,Cornus mas,40,280,120,245
5473,Cornus,Cornus mas,48,238,152,245
5727,Cornus,Cornus mas,42,266,169,245
5867,Cornus,Cornus mas,52,21,188,245
6645,Cornus,Cornus mas,43,283,250,245
8314,Cornus,Cornus mas,48,14,290,245
13198,Cornus,Cornus mas,52,17,380,245
13330,Cornus,Cornus mas,43,281,401,245
13384,Cornus,Cornus mas,39,274,407,245
27780,Cornus,Cornus mas,48,243,486,245
27901,Cornus,Cornus mas,47,7,526,245
28243,Cornus,Cornus mas,39,275,552,245
28251,Cornus,Cornus mas,54,358,553,245
28253,Cornus,Cornus mas,49,3,554,245
734,Rosmarinus,Rosmarinus officinalis,42,289,11,153
1116,Rosmarinus,Rosmarinus officinalis,42,272,16,183
1117,Rosmarinus,Rosmarinus officinalis,42,272,16,153
1604,Rosmarinus,Rosmarinus officinalis,46,237,35,183
1630,Rosmarinus,Rosmarinus officinalis,33,243,36,183
1785,Rosmarinus,Rosmarinus officinalis,34,242,37,153
1819,Rosmarinus,Rosmarinus officinalis,30,265,39,153
2431,Rosmarinus,Rosmarinus officinalis,38,238,42,153
2521,Rosmarinus,Rosmarinus officinalis,35,279,43,153
2870,Rosmarinus,Rosmarinus officinalis,-32,116,55,153
2889,Rosmarinus,Rosmarinus officinalis,38,283,56,153
3027,Rosmarinus,Rosmarinus officinalis,32,35,60,153
3042,Rosmarinus,Rosmarinus officinalis,44,237,61,183
3119,Rosmarinus,Rosmarinus officinalis,47,237,64,183
3132,Rosmarinus,Rosmarinus officinalis,36,281,65,153
3278,Rosmarinus,Rosmarinus officinalis,37,238,67,183
3299,Rosmarinus,Rosmarinus officinalis,39,239,68,183
3410,Rosmarinus,Rosmarinus officinalis,39,356,81,153
3543,Rosmarinus,Rosmarinus officinalis,43,18,84,153
3569,Rosmarinus,Rosmarinus officinalis,39,238,85,153
3628,Rosmarinus,Rosmarinus officinalis,-34,151,89,153
3767,Rosmarinus,Rosmarinus officinalis,-37,175,93,153
3803,Rosmarinus,Rosmarinus officinalis,-35,149,94,183
3827,Rosmarinus,Rosmarinus officinalis,-35,139,97,183
5465,Rosmarinus,Rosmarinus officinalis,48,238,152,183
5520,Rosmarinus,Rosmarinus officinalis,-28,153,158,153
5746,Rosmarinus,Rosmarinus officinalis,40,238,171,153
5827,Rosmarinus,Rosmarinus officinalis,30,262,183,153
6573,Rosmarinus,Rosmarinus officinalis,-41,147,232,153
6578,Rosmarinus,Rosmarinus officinalis,-38,144,233,183
6602,Rosmarinus,Rosmarinus officinalis,-43,147,237,183
6634,Rosmarinus,Rosmarinus officinalis,48,237,248,183
6668,Rosmarinus,Rosmarinus officinalis,40,248,253,183
6702,Rosmarinus,Rosmarinus officinalis,38,281,259,153
9208,Rosmarinus,Rosmarinus officinalis,48,19,299,153
9829,Rosmarinus,Rosmarinus officinalis,45,14,310,153
10237,Rosmarinus,Rosmarinus officinalis,51,357,345,153
27785,Rosmarinus,Rosmarinus officinalis,34,258,487,153
27822,Rosmarinus,Rosmarinus officinalis,46,14,503,153
27825,Rosmarinus,Rosmarinus officinalis,35,275,504,153
27829,Rosmarinus,Rosmarinus officinalis,-33,151,505,183
27830,Rosmarinus,Rosmarinus officinalis,-31,151,506,183
27831,Rosmarinus,Rosmarinus officinalis,55,357,507,153
27832,Rosmarinus,Rosmarinus officinalis,36,264,508,153
1509,Ficus,Ficus auriculata,-26,302,32,245
1511,Ficus,Ficus carica,30,278,33,245
1559,Ficus,Ficus carica,46,237,35,275
1624,Ficus,Ficus carica,33,243,36,275
1635,Ficus,Ficus carica,34,242,37,245
1641,Ficus,Ficus carica,34,242,37,275
1800,Ficus,Ficus carica,19,261,38,275
1803,Ficus,Ficus carica,30,265,39,245
1822,Ficus,Ficus carica,51,1,40,245
1846,Ficus,Ficus carica,47,9,41,275
1847,Ficus,Ficus carica,47,9,41,245
1906,Ficus,Ficus carica,38,238,42,275
2518,Ficus,Ficus carica,35,279,43,245
2658,Ficus,Ficus carica,-33,289,45,275
2665,Ficus,Ficus carica,46,359,46,245
2672,Ficus,Ficus carica,45,359,47,245
2677,Ficus,Ficus carica,44,4,48,245
2684,Ficus,Ficus carica,51,3,49,245
2688,Ficus,Ficus carica,39,283,50,245
2801,Ficus,Ficus carica,-27,153,51,275
2819,Ficus,Ficus carica,44,2,53,245
2821,Ficus,Ficus sycomorus,44,2,53,245
2823,Ficus,Ficus carica,49,2,54,245
2845,Ficus,Ficus carica,-32,116,55,275
2847,Ficus,Ficus macrophylla,-32,116,55,275
2873,Ficus,Ficus carica,38,283,56,245
2896,Ficus,Ficus carica,38,23,57,245
2899,Ficus,Ficus carica,45,6,58,245
2905,Ficus,Ficus carica,35,277,59,245
3002,Ficus,Ficus carica,32,35,60,245
3030,Ficus,Ficus carica,44,237,61,275
3048,Ficus,Ficus carica,33,272,62,245
3051,Ficus,Ficus carica,45,237,63,275
3109,Ficus,Ficus carica,47,237,64,275
3121,Ficus,Ficus carica,36,281,65,245
3168,Ficus,Ficus carica,33,248,66,245
3175,Ficus,Ficus carica,37,238,67,275
3296,Ficus,Ficus carica,39,239,68,245
1515,Eriobotrya,Eriobotrya japonica,30,278,33,92
1627,Eriobotrya,Eriobotrya japonica,33,243,36,122
1758,Eriobotrya,Eriobotrya japonica,34,242,37,122
1801,Eriobotrya,Eriobotrya japonica,19,261,38,92
1808,Eriobotrya,Eriobotrya japonica,30,265,39,92
2321,Eriobotrya,Eriobotrya japonica,38,238,42,122
2349,Eriobotrya,Eriobotrya japonica,38,238,42,92
2664,Eriobotrya,Eriobotrya japonica,-33,289,45,92
2832,Eriobotrya,Eriobotrya japonica,49,2,54,92
3025,Eriobotrya,Eriobotrya japonica,32,35,60,92
3253,Eriobotrya,Eriobotrya japonica,37,238,67,92
3261,Eriobotrya,Eriobotrya japonica,37,238,67,122
3298,Eriobotrya,Eriobotrya japonica,39,239,68,122
3580,Eriobotrya,Eriobotrya japonica,30,270,86,92
3623,Eriobotrya,Eriobotrya japonica,-34,151,89,92
3641,Eriobotrya,Eriobotrya japonica,41,238,90,122
3764,Eriobotrya,Eriobotrya japonica,-37,175,93,92
3799,Eriobotrya,Eriobotrya japonica,-35,149,94,92
3826,Eriobotrya,Eriobotrya japonica,-35,139,97,92
4293,Eriobotrya,Eriobotrya japonica,45,12,116,92
5031,Eriobotrya,Eriobotrya japonica,33,280,139,92
5171,Eriobotrya,Eriobotrya japonica,40,255,145,122
5439,Eriobotrya,Eriobotrya japonica,48,238,152,122
5744,Eriobotrya,Eriobotrya japonica,40,238,171,122
5751,Eriobotrya,Eriobotrya japonica,30,269,173,92
5753,Eriobotrya,Eriobotrya japonica,29,279,174,92
5765,Eriobotrya,Eriobotrya japonica,-34,289,175,92
5805,Eriobotrya,Eriobotrya japonica,30,262,183,92
5845,Eriobotrya,Eriobotrya japonica,41,23,185,92
5899,Eriobotrya,Eriobotrya japonica,28,278,196,92
6436,Eriobotrya,Eriobotrya japonica,31,272,217,92
6565,Eriobotrya,Eriobotrya japonica,38,239,230,122
6718,Eriobotrya,Eriobotrya japonica,37,356,266,92
6724,Eriobotrya,Eriobotrya japonica,39,351,268,92
10225,Eriobotrya,Eriobotrya japonica,29,278,341,92
13208,Eriobotrya,Eriobotrya japonica,45,5,386,92
13213,Eriobotrya,Eriobotrya japonica,41,29,387,92
13214,Eriobotrya,Eriobotrya japonica,32,279,388,92
13217,Eriobotrya,Eriobotrya japonica,28,279,389,92
13220,Eriobotrya,Eriobotrya japonica,-35,118,391,92
13222,Eriobotrya,Eriobotrya japonica,36,140,392,92
13223,Eriobotrya,Eriobotrya japonica,29,262,393,92
13224,Eriobotrya,Eriobotrya japonica,30,261,394,92
13227,Eriobotrya,Eriobotrya japonica,26,260,395,92
1611,Ehretia,Ehretia tinifolia,46,237,35,32
1626,Citrus,Citrus,33,243,36,153
1657,Citrus,Citrus limon,34,242,37,153
1660,Citrus,Citrus,34,242,37,153
1804,Citrus,Citrus,30,265,39,153
2189,Citrus,Citrus,38,238,42,153
2663,Citrus,Citrus,-33,289,45,153
2803,Citrus,Citrus,-27,153,51,153
2864,Citrus,Citrus,-32,116,55,153
3022,Citrus,Citrus,32,35,60,153
3171,Citrus,Citrus,33,248,66,153
3180,Citrus,Citrus limon,37,238,67,153
3182,Citrus,Citrus,37,238,67,153
3297,Citrus,Citrus,39,239,68,153
3326,Citrus,Citrus,32,249,72,153
3344,Citrus,Citrus,34,243,74,153
3361,Citrus,Citrus sinensis,42,3,75,153
3387,Citrus,Citrus sinensis,42,2,77,153
3567,Citrus,Citrus,39,238,85,153
3577,Citrus,Citrus,30,270,86,153
3619,Citrus,Citrus jambhiri,-34,151,89,153
3620,Citrus,Citrus limon,-34,151,89,153
3621,Citrus,Citrus,-34,151,89,153
3640,Citrus,Citrus,41,238,90,153
3759,Citrus,Citrus,-37,175,93,153
3775,Citrus,Citrus,-35,149,94,153
3821,Citrus,Citrus,-35,139,97,153
3953,Citrus,Citrus,41,286,103,153
5080,Citrus,Citrus,40,255,145,153
5519,Citrus,Citrus,-28,153,158,153
5742,Citrus,Citrus,40,238,171,153
5750,Citrus,Citrus,30,269,173,153
5764,Citrus,Citrus,-34,289,175,153
5803,Citrus,Citrus jambhiri,30,262,183,153
5837,Citrus,Citrus,41,23,185,153
6535,Citrus,Citrus limon,41,24,226,153
6556,Citrus,Citrus,15,269,228,153
6560,Citrus,Citrus,38,239,230,153
6569,Citrus,Citrus,-41,147,232,153
6575,Citrus,Citrus,-38,144,233,153
6581,Citrus,Citrus,35,240,235,153
6585,Citrus,Citrus,42,13,236,153
6589,Citrus,Citrus,-43,147,237,153
6603,Citrus,Citrus,-38,175,238,153
6611,Citrus,Citrus,34,244,241,153
6704,Citrus,Citrus,-25,308,260,153
6705,Citrus,Citrus,42,12,261,153
6706,Citrus,Citrus,-36,147,262,153
6707,Citrus,Citrus,30,264,263,153
6708,Citrus,Citrus,39,237,264,153
6715,Citrus,Citrus,37,356,266,153
6722,Citrus,Citrus,37,354,267,153
6723,Citrus,Citrus,39,351,268,153
6735,Citrus,Citrus,37,357,273,153
6740,Citrus,Citrus,-21,165,275,153
1644,Olea,Olea europaea,34,242,37,214
1915,Olea,Olea europaea,38,238,42,214
2849,Olea,Olea europaea,-32,116,55,214
3005,Olea,Olea europaea,32,35,60,214
3169,Olea,Olea europaea,33,248,66,214
3177,Olea,Olea europaea,37,238,67,214
3312,Olea,Olea europaea,32,249,72,214
3329,Olea,Olea europaea,43,11,73,214
3341,Olea,Olea europaea,34,243,74,214
3356,Olea,Olea europea,42,3,75,214
3380,Olea,Olea europea,42,2,77,214
3401,Olea,Olea europea,42,1,79,214
3407,Olea,Olea europea,42,0,80,214
3409,Olea,Olea europea,39,356,81,214
3426,Olea,Olea europea,45,15,83,214
3528,Olea,Olea europea,43,18,84,214
3556,Olea,Olea europaea,39,238,85,214
3572,Olea,Olea europaea,30,270,86,214
3599,Olea,Olea europaea,38,24,87,214
3600,Olea,Olea europaea,40,16,88,214
3601,Olea,Olea europaea,-34,151,89,214
3638,Olea,Olea europaea,41,238,90,214
3752,Olea,Olea europaea,37,240,92,214
3757,Olea,Olea europaea,-37,175,93,214
3770,Olea,Olea europaea,-35,149,94,214
3815,Olea,Olea europaea,-35,143,96,214
3817,Olea,Olea europaea,-35,139,97,214
3829,Olea,Olea europaea,36,239,98,214
5474,Elaeagnus,Elaeagnus multiflora,48,238,152,183
